<?xml version="1.0" encoding="utf-8"?>
<Package package_name="PKG" mockup="no" app="RBA" >
  <APPLICATION>
    <Item source_path="app\production" file_name="8295380124.AGN"/>
  </APPLICATION>

  <UNSIGNED_CONTENT>
    <!-- FILES -->
    <Item source_path="config\dat" file_name="ads.dat"/>
    <Item source_path="config\dat" file_name="allBins.dat"/>
    <Item source_path="config\dat" file_name="barcode.dat"/>
    <Item source_path="config\dat" file_name="bin0.dat"/>
    <Item source_path="config\dat" file_name="bin1.dat"/>
    <Item source_path="config\dat" file_name="bin2.dat"/>
    <Item source_path="config\dat" file_name="bin3.dat"/>
    <Item source_path="config\dat" file_name="bin4.dat"/>
    <Item source_path="config\dat" file_name="bin5.dat"/>
    <Item source_path="config\dat" file_name="bin6.dat"/>
    <Item source_path="config\dat" file_name="bin7.dat"/>
    <Item source_path="config\dat" file_name="cards.dat"/>
    <Item source_path="config\dat" file_name="cashback.dat"/>
    <Item source_path="config\dat" file_name="cless.dat"/>
    <Item source_path="config\dat" file_name="compat.dat"/>
    <Item source_path="config\dat" file_name="forms.dat"/>
    <Item source_path="config\dat" file_name="mainFlow.dat"/>
    <Item source_path="config\dat" file_name="msr.dat"/>
    <Item source_path="config\dat" file_name="pin.dat"/>
    <Item source_path="config\dat" file_name="sig.dat"/>
    <Item source_path="config\dat" file_name="status.dat"/>
    <Item source_path="config\dat" file_name="stb.dat"/>
    <Item source_path="config\dat" file_name="store.dat"/>
    <Item source_path="config\dat" file_name="var.dat"/>
    <Item source_path="config\dat" file_name="buttons.dat"/>
    <Item source_path="config\dat" file_name="paypal.dat"/>
    <!-- FORMS -->
    <Item source_path="iSC250 media" file_name="ads.K3Z"/>
    <Item source_path="iSC250 media" file_name="alpha.K3Z"/>
    <Item source_path="iSC250 media" file_name="amtv.K3Z"/>
    <Item source_path="iSC250 media" file_name="APPDAPP.K3Z"/>
    <Item source_path="iSC250 media" file_name="cashb.K3Z"/>
    <Item source_path="iSC250 media" file_name="cashba.K3Z"/>
    <Item source_path="iSC250 media" file_name="cashbo.K3Z"/>
    <Item source_path="iSC250 media" file_name="cashbv.K3Z"/>
    <Item source_path="iSC250 media" file_name="cod.K3Z"/>
    <Item source_path="iSC250 media" file_name="ccod.K3Z"/>
    <Item source_path="iSC250 media" file_name="codm.K3Z"/>
    <Item source_path="iSC250 media" file_name="ccodm.K3Z"/>
    <Item source_path="iSC250 media" file_name="input.K3Z"/>
    <Item source_path="iSC250 media" file_name="lang.K3Z"/>
    <Item source_path="iSC250 media" file_name="lswipe.K3Z"/>
    <Item source_path="iSC250 media" file_name="clswipe.K3Z"/>
    <Item source_path="iSC250 media" file_name="msg.K3Z"/>
    <Item source_path="iSC250 media" file_name="offline.K3Z"/>
    <Item source_path="iSC250 media" file_name="pay1.K3Z"/>
    <Item source_path="iSC250 media" file_name="pin.K3Z"/>
    <Item source_path="iSC250 media" file_name="sign.K3Z"/>
    <Item source_path="iSC250 media" file_name="surswipe.K3Z"/>
    <Item source_path="iSC250 media" file_name="swipe.K3Z"/>
    <Item source_path="iSC250 media" file_name="pswipe.K3Z"/>
    <Item source_path="iSC250 media" file_name="cswipe.K3Z"/>
    <Item source_path="iSC250 media" file_name="tc.K3Z"/>
    <Item source_path="iSC250 media" file_name="tcsign.K3Z"/>
    <!-- IMAGES -->
    <Item source_path="iSC250 media" file_name="AD1.JPG"/>
    <Item source_path="iSC250 media" file_name="AD2.JPG"/>
    <Item source_path="iSC250 media" file_name="AD3.JPG"/>
    <Item source_path="iSC250 media" file_name="AD4.JPG"/>
    <Item source_path="iSC250 media" file_name="AD5.JPG"/>
    <Item source_path="iSC250 media" file_name="AD6.JPG"/>
    <Item source_path="iSC250 media" file_name="AD7.JPG"/>
    <Item source_path="iSC250 media" file_name="AD8.JPG"/>
    <Item source_path="iSC250 media" file_name="AD9.JPG"/>
    <Item source_path="iSC250 media" file_name="AD10.JPG"/>
    <Item source_path="iSC250 media" file_name="AD11.JPG"/>
    <Item source_path="iSC250 media" file_name="AD12.JPG"/>
    <Item source_path="iSC250 media" file_name="AD13.JPG"/>
    <Item source_path="iSC250 media" file_name="BAR.PNG"/>
    <Item source_path="iSC250 media" file_name="BLUE_D.PNG"/>
    <Item source_path="iSC250 media" file_name="BLUE_U.PNG"/>
    <Item source_path="iSC250 media" file_name="CHKBOX_CHK.PNG"/>
    <Item source_path="iSC250 media" file_name="CHKBOX_EMP.PNG"/>
    <Item source_path="iSC250 media" file_name="DOWN_D.PNG"/>
    <Item source_path="iSC250 media" file_name="DOWN_U.PNG"/>
    <Item source_path="iSC250 media" file_name="RADIO_EMP.PNG"/>
    <Item source_path="iSC250 media" file_name="RADIO_SEL.PNG"/>
    <Item source_path="iSC250 media" file_name="SIGBOX.JPG"/>
    <Item source_path="iSC250 media" file_name="STEEL.JPG"/>
    <Item source_path="iSC250 media" file_name="UP_D.PNG"/>
    <Item source_path="iSC250 media" file_name="UP_U.PNG"/>
    <Item source_path="iSC250 media" file_name="CLESS.PNG"/>
    <Item source_path="iSC250 media" file_name="SCRBACK.PNG"/>
    <Item source_path="iSC250 media" file_name="SCRDOWN_D.PNG"/>
    <Item source_path="iSC250 media" file_name="SCRDOWN_U.PNG"/>
    <Item source_path="iSC250 media" file_name="SCRTHUMB.PNG"/>
    <Item source_path="iSC250 media" file_name="SCRUP_D.PNG"/>
    <Item source_path="iSC250 media" file_name="SCRUP_U.PNG"/>
    <Item source_path="iSC250 media" file_name="iSC250.GIF"/>
    <Item source_path="iSC250 media" file_name="OFFLINE.GIF"/>
    <Item source_path="iSC250 media" file_name="THIN_BOT.GIF"/>
    <Item source_path="iSC250 media" file_name="THIN_TOP.GIF"/>
    <Item source_path="iSC250 media" file_name="mrbottom.png"/>
    <Item source_path="iSC250 media" file_name="mrbuttondwn.png"/>
    <Item source_path="iSC250 media" file_name="mrbuttonup.png"/>
    <Item source_path="iSC250 media" file_name="mrheader.png"/>
    <Item source_path="iSC250 media" file_name="mrisc250.gif"/>
    <Item source_path="iSC250 media" file_name="mrlogo.png"/>
    <Item source_path="iSC250 media" file_name="mrsigbottom.png"/>
    <Item source_path="iSC250 media" file_name="mrsigbox.png"/>
    <!-- PROMPTS -->
    <Item source_path="prompts\iSC250" file_name="PROMPT.XML" />
    <Item source_path="prompts\iSC250" file_name="TC1.XML" />
    <!-- SIGNED CONTENTS -->
  </UNSIGNED_CONTENT>
</Package>
