<?xml version="1.0" encoding="UTF-8"?>
<Configuration status="WARN">
  <Appenders>
    <Console name="Console" target="SYSTEM_OUT">
      <PatternLayout
        pattern="%highlight{%-5level %date %msg :: %location [%thread]%n}{FATAL=bright magenta, ERROR=bright red, WARN=yellow, INFO=default, DEBUG=cyan, TRACE=white}"
        header="loading ${log4j:configLocation}%n" />
    </Console>
    <XstRollingRandomAccessFile name="XENVIRONMENT.file" fileName="${sys:user.dir}/log/xenvironment.log"
      filePattern="${sys:user.dir}/log/xenvironment.%d{yyyy-MM-dd}-%i.log">
      <PatternLayout pattern="%-5level %date %msg :: %Location  [%thread]%n" header="**LOG BEGUN     %date%nloading ${log4j:configLocation}%n"
        footer="**LOG STOPPED   %date%n" />
      <DefaultRolloverStrategy max="30" />
      <Policies>
        <TimeBasedTriggeringPolicy />
        <OnStartupTriggeringPolicy />
      </Policies>
    </XstRollingRandomAccessFile>
  </Appenders>
  <Loggers>
    <Logger name="dtv.ipc" level="trace"/>
    <Logger name="oracle.retail.xenvironment.ui.UIMessenger" level="info"/>
    <Logger name="org.springframework" level="warn" />
    <Root level="info">
      <AppenderRef ref="Console" />
      <AppenderRef ref="XENVIRONMENT.file" />
    </Root>
  </Loggers>
</Configuration>

